ALB002;+
ANG001;+
ARG000;+
ARG001;+
ARG003;+
ARG004;+
ARG008;+
ARG009;+
ARG010;+
ARG011;+
ARG020;+
ARG025;+
ARG033;+
ARG039;+
AST000;+
AST001;+
AST003;+
AST009;+
AST010;+
AST012;+
AST019;+
AST020;+
AST022;+
AST028;+
AST041;+
AST042;+
AST045;+
AST058;+
AST083;+
AST093;+
AST098;+
AST102;+
AST105;+
AST107;+
AST112;+
AST116;+
AST117;+
AST121;+
AST126;+
AST127;+
AST136;+
AST138;+
AST140;+
AST142;+
AST145;+
AST146;+
AST147;+
AST149;+
AST153;+
AST183;+
AST193;+
AST200;+
AST206;+
AST223;+
AST234;+
AST239;+
AST242;+
AST250;+
AST306;+
AST307;+
AST308;+
AST312;+
AST313;+
AST315;+
AST324;+
AUS004;+
AUS007;+
AZE001;+
AZE037;+
BAH009;+
BEL001;+
BLG000;+
BLG001;+
BLG002;+
BLG005;+
BLG006;+
BLG008;+
BLG012;+
BLG014;+
BLG016;+
BLG017;+
BLG021;+
BLG023;+
BLG024;+
BLG026;+
BLG031;+
BLG032;+
BLG035;+
BLG041;+
BLG042;+
BLG047;+
BLG096;+
BLG132;+
BLG140;+
BLG388;+
BNG001;+
BNG003;+
BNG004;+
BNG007;+
BNG009;+
BNG014;+
BNG017;+
BNG018;+
BNG019;+
BNG020;+
BNG021;+
BNG022;+
BNG023;+
BNG024;+
BNG025;+
BNG026;+
BNG027;+
BNG029;+
BRN000;+
BRN004;+
BRN005;+
BRU004;+
BRU006;+
BRZ001;+
BRZ002;+
BRZ003;+
BRZ004;+
BRZ005;+
BRZ006;+
BRZ007;+
BRZ014;+
BRZ017;+
BRZ018;+
BRZ020;+
BRZ021;+
BRZ024;+
BRZ028;+
BRZ029;+
BRZ032;+
BRZ033;+
BRZ034;+
BRZ039;+
BRZ040;+
BRZ042;+
BRZ043;+
BRZ044;+
BRZ045;+
BRZ047;+
BRZ048;+
BRZ050;+
BRZ051;+
BRZ053;+
BRZ055;+
BRZ057;+
BRZ060;+
BRZ061;+
BRZ062;+
BRZ065;+
BRZ066;+
BRZ305;+
BUL001;+
BUL002;+
BUL006;+
BUL013;+
CAN001;+
CAN002;+
CAN003;+
CAN008;+
CAN013;+
CAN014;+
CAN015;+
CAN016;+
CAN017;+
CAN018;+
CAN025;+
CAN027;+
CAN028;+
CAN033;+
CAN034;+
CAN035;+
CAN048;+
CAN054;+
CAN061;+
CAN063;+
CAN065;+
CAN068;+
CAN069;+
CAN074;+
CAN075;+
CAN080;+
CAN081;+
CAN084;+
CAN092;+
CAN096;+
CAN100;+
CAN107;+
CAN112;+
CAN113;+
CAN115;+
CAN137;+
CAN149;+
CAN165;+
CAN213;+
CAN218;+
CAN249;+
CAN264;+
CAN272;+
CAN276;+
CAN323;+
CHL004;+
CHL006;+
CHL009;+
CHL010;+
CHL016;+
CHR000;+
CHR001;+
CHR002;+
CHR004;+
CHR006;+
CHR010;+
CHR012;+
CHR013;+
CHR014;+
CHR015;+
CHR018;+
CHR020;+
CHR021;+
CHR022;+
CHR023;+
CHR024;+
CHR025;+
CHR026;+
CHR030;+
CHR031;+
CHR032;+
CHR033;+
CHR034;+
CHR038;+
CHR039;+
CHR040;+
CHR043;+
CHR046;+
CHR048;+
CHR050;+
CHR051;+
CHR054;+
CHR061;+
CHR062;+
CHR063;+
CHR066;+
CHR068;+
CHR070;+
CHR071;+
CHR083;+
CHR087;+
CHR088;+
CHR089;+
CHR091;+
CHR092;+
CHR093;+
CHR095;+
CHR097;+
CHR098;+
CHR099;+
CHR100;+
CHR101;+
CHR102;+
CHR103;+
CHR104;+
CHR105;+
CHR106;+
CHR107;+
CHR108;+
CHR110;+
CHR111;+
CHR112;+
CHR114;+
CHR115;+
CHR116;+
CHR117;+
CHR118;+
CHR119;+
CHR121;+
CHR122;+
CHR123;+
CHR124;+
CHR127;+
CHR128;+
CHR130;+
CHR132;+
CHR133;+
CHR134;+
CHR136;+
CHR137;+
CHR138;+
CHR139;+
CHR140;+
CHR146;+
CHR147;+
CHR148;+
CHR149;+
CHR150;+
CHR152;+
CHR153;+
CHR155;+
CHR157;+
CHR159;+
CHR160;+
CHR161;+
CHR164;+
CHR171;+
CHR172;+
CHR173;+
CHR175;+
CHR176;+
CHR177;+
CHR178;+
CHR179;+
CHR180;+
CHR181;+
CHR182;+
CHR186;+
CHR187;+
CHR191;+
CHR192;+
CHR193;+
CHR194;+
CHR196;+
CHR197;+
CHR198;+
CHR199;+
CHR200;+
CHR201;+
CHR202;+
CHR203;+
CHR204;+
CHR205;+
CHR206;+
CHR208;+
CHR209;+
CHR210;+
CHR211;+
CHR212;+
CHR213;+
CHR214;+
CHR215;+
CHR216;+
CHR219;+
CHR220;+
CHR221;+
CHR223;+
CHR224;+
CHR225;+
CHR226;+
CHR228;+
CHR230;+
CHR232;+
CHR233;+
CHR234;+
CHR236;+
CHR237;+
CHR238;+
CHR239;+
CHR240;+
CHR241;+
CHR242;+
CHR243;+
CHR245;+
CHR246;+
CHR249;+
CHR250;+
CHR251;+
CHR255;+
CHR256;+
CHR258;+
CHR260;+
CHR262;+
CHR263;+
CHR264;+
CHR266;+
CHR268;+
CHR269;+
CHR271;+
CHR273;+
CHR274;+
CHR275;+
CHR276;+
CHR278;+
CHR281;+
CHR282;+
CHR283;+
CHR284;+
CHR285;+
CHR286;+
CHR287;+
CHR289;+
CHR290;+
CHR291;+
CHR292;+
CHR293;+
CHR294;+
CHR295;+
CHR296;+
CHR297;+
CHR299;+
CHR300;+
CHR301;+
CHR302;+
CHR303;+
CHR304;+
CHR305;+
CHR306;+
CHR307;+
CHR308;+
CHR310;+
CHR311;+
CHR312;+
CHR318;+
CHR319;+
CHR323;+
CHR325;+
CHR327;+
CHR328;+
CHR329;+
CHR331;+
CHR333;+
CHR334;+
CHR335;+
CHR336;+
CHR337;+
CHR338;+
CHR342;+
CHR343;+
CHR344;+
CHR345;+
CHR346;+
CHR347;+
CHR348;+
CHR349;+
CHR350;+
CHR351;+
CHR352;+
CHR353;+
CHR354;+
CHR355;+
CHR356;+
CHR357;+
CHR358;+
CHR359;+
CHR360;+
CHR363;+
CHR365;+
CHR366;+
CHR367;+
CHR368;+
CHR369;+
CHR370;+
CHR371;+
CHR372;+
CHR373;+
CHR375;+
CHR376;+
CHR377;+
CHR378;+
CHR379;+
CHR380;+
CHR382;+
CHR383;+
CHR387;+
CHR388;+
CHR389;+
CHR390;+
CHR391;+
CHR392;+
CHR393;+
CHR394;+
CHR395;+
CHR396;+
CHR397;+
CHR398;+
CHR399;+
CHR400;+
CHR401;+
CHR402;+
CHR403;+
CHR405;+
CHR406;+
CHR407;+
CHR408;+
CHR412;+
CHR413;+
CHR414;+
CHR415;+
CHR418;+
CHR419;+
CHR420;+
CHR421;+
CHR422;+
CHR423;+
CHR424;+
CHR425;+
CHR426;+
CHR427;+
CHR428;+
CHR429;+
CHR430;+
CHR431;+
CHR433;+
CHR436;+
CHR437;+
CHR438;+
CHR439;+
CHR440;+
CHR441;+
CHR442;+
CHR444;+
CHR447;+
CHR448;+
CHR449;+
CHR450;+
CHR451;+
CHR452;+
CHR453;+
CHR455;+
CHR456;+
CHR457;+
CHR458;+
CHR459;+
CHR460;+
CHR461;+
CHR463;+
CHR465;+
CHR467;+
CHR468;+
CHR471;+
CHR472;+
CHR474;+
CHR475;+
CHR476;+
CHR477;+
CHR478;+
CHR480;+
CHR481;+
CHR482;+
CHR483;+
CHR484;+
CHR485;+
CHR487;+
CHR492;+
CHR494;+
CHR495;+
CHR501;+
CHR502;+
CHR503;+
CHR504;+
CHR505;+
CHR506;+
CHR507;+
CHR509;+
CHR513;+
CHR516;+
CHR518;+
CHR519;+
CHR522;+
CHR523;+
CHR525;+
CHR526;+
CHR528;+
CHR530;+
CHR531;+
CHR535;+
CHR538;+
CHR539;+
CHR540;+
CHR544;+
CHR546;+
CHR547;+
CHR548;+
CHR550;+
CHR553;+
CHR557;+
CHR564;+
CHR565;+
CHR566;+
CHR569;+
CHR571;+
CHR574;+
CHR589;+
CHR591;+
CHR592;+
CHR594;+
CHR597;+
CHR599;+
CHR605;+
CHR606;+
CHR607;+
CHR608;+
CHR609;+
CHR612;+
CHR613;+
CHR615;+
CHR617;+
CHR621;+
CHR622;+
CHR624;+
CHR626;+
CHRA02;+
CHRA03;+
CHRA04;+
CHRA05;+
CHRA06;+
CHRA08;+
CHRA09;+
CHRA10;+
CHRA11;+
CHRA12;+
CHRA13;+
CHRA14;+
CHRA16;+
CHRA18;+
CHRA22;+
CHRA23;+
CHRA24;+
CHRA25;+
CHRA26;+
CHRA27;+
CHRA28;+
CHRA29;+
CHRA30;+
CHRA31;+
CHRA34;+
CHRA36;+
CHRA37;+
CHRA39;+
CHRA40;+
CHRA42;+
CHRA44;+
CHRA46;+
CHRA47;+
CHRA49;+
CHRA52;+
CHRA53;+
CHRA54;+
CHRA55;+
CHRA56;+
CHRA57;+
CHRA59;+
CHRA61;+
CHRA62;+
CHRA63;+
CHRA64;+
CHRA65;+
CHRA67;+
CHRA68;+
CHRA69;+
CHRA70;+
CHRA71;+
CHRA72;+
CHRA75;+
CHRA77;+
CHRA79;+
CHRA80;+
CHRA81;+
CHRA82;+
CHRA83;+
CHRA86;+
CHRA87;+
CHRA88;+
CHRA89;+
CHRA90;+
CHRA91;+
CHRA92;+
CHRA94;+
CHRA95;+
CHRA96;+
CHRA97;+
CHRA98;+
CHRA99;+
CHRB00;+
CHRB02;+
CHRB03;+
CHRB04;+
CHRB05;+
CHRB06;+
CHRB07;+
CHRB08;+
CHRB12;+
CHRB15;+
CHRB16;+
CHRB19;+
CHRB20;+
CHRB22;+
CHRB23;+
CHRB24;+
CHRB25;+
CHRB30;+
CHRB31;+
CHRB34;+
CHRB35;+
CHRB37;+
CHRB38;+
CHRB39;+
CHRB41;+
CHRB42;+
CHRB43;+
CHRB44;+
CHRB45;+
CHRB46;+
CHRB47;+
CHRB48;+
CHRB49;+
CHRB50;+
CHRB51;+
CHRB52;+
CHRB53;+
CHRB54;+
CHRB55;+
CHRB56;+
CHRB57;+
CHRB58;+
CHRB59;+
CHRB60;+
CHRB62;+
CHRB63;+
CHRB65;+
CHRB66;+
CHRB68;+
CHRB69;+
CHRB70;+
CHRB71;+
CHRB74;+
CHRB76;+
CHRB77;+
CHRB79;+
CHRB80;+
CHRB81;+
CHRB82;+
CHRB83;+
CHRB84;+
CHRB86;+
CHRB88;+
CHRB89;+
CHRB91;+
CHRB92;+
CHRB93;+
CHRB94;+
CHRB95;+
CHRB96;+
CHRB97;+
CHRB99;+
CHRC00;+
CHRC01;+
CHRC04;+
CHRC06;+
CHRC08;+
CHRC10;+
CHRC11;+
CHRC12;+
CHRC15;+
CHRC16;+
CHRC18;+
CHRC20;+
CHRC28;+
CHRC29;+
CHRC30;+
CHRC31;+
CHRC35;+
CHRC38;+
CHRC40;+
CHRC41;+
CHRC42;+
CHRC43;+
CHRC45;+
CHRC46;+
CHRC47;+
CHRC48;+
CHRC54;+
CHRC56;+
CHRC57;+
CHRC59;+
CHRC63;+
CHRC64;+
CHRC69;+
CHRC81;+
CHRC97;+
CHRD03;+
CHRD27;+
CHRD37;+
CHRD45;+
CHRD46;+
CHRD48;+
CHRD55;+
CHRD56;+
CHRD58;+
CHRD65;+
CHRD66;+
CHRD67;+
CHRD68;+
CHRD69;+
CHRD76;+
CHRD92;+
CHRE05;+
CHRE18;+
CHRE34;+
CHRE45;+
CHRE51;+
CHRE78;+
CHT002;+
CHT004;+
CHT007;+
CHT009;+
CHT010;+
CHT025;+
CHT028;+
CHT033;+
CHT034;+
CHT035;+
CHT040;+
CHT043;+
CHT045;+
CHT056;+
CHT058;+
CHT060;+
CHT211;+
COL002;+
COL003;+
COL010;+
CRT000;+
CRT002;+
CRT003;+
CRT004;+
CRT005;+
CRT006;+
CRT007;+
CRT008;+
CRT009;+
CRT010;+
CRT012;+
CRT013;+
CRT014;+
CRT015;+
CRT016;+
CRT017;+
CRT018;+
CRT019;+
CRT020;+
CRT021;+
CRT022;+
CRT023;+
CRT024;+
CRT025;+
CRT026;+
CRT027;+
CRT028;+
CRT030;+
CRT034;+
CRT035;+
CRT041;+
CRT043;+
CRT169;+
CUB003;+
CUB004;+
CUB007;+
CZE001;+
CZE002;+
CZR001;+
CZR003;+
CZR004;+
DEN001;+
DEN002;+
DEN003;+
DEN004;+
DEN005;+
DEN006;+
DEN007;+
DEN008;+
DEN009;+
DEN013;+
DEN015;+
DEN017;+
DEN021;+
DEN022;+
DEN023;+
DEN024;+
DEN025;+
DEN026;+
DEN032;+
DEN034;+
DEN038;+
DEN039;+
DEN049;+
DEN050;+
DEN053;+
DEN061;+
DEN064;+
DEN067;+
DEN079;+
DEN082;+
DEN083;+
DEN086;+
DEN100;+
DEN102;+
DEN107;+
DEN108;+
DEN110;+
DEN112;+
DEN114;+
DEN115;+
DEN120;+
DEN183;+
DEN200;+
DOM001;+
ECU001;+
EGY000;+
EGY001;+
EGY002;+
EGY004;+
EGY005;+
EGY014;+
EGY018;+
EGY019;+
EGY022;+
EGY028;+
EGY041;+
EGY046;+
EGY047;+
EGY048;+
EGY055;+
EGY060;+
ETN002;+
ETN004;+
ETN005;+
ETN007;+
FAR001;+
FAR002;+
FAR007;+
FIJ000;+
FIN001;+
FIN002;+
FIN003;+
FIN005;+
FIN006;+
FIN008;+
FIN012;+
FIN015;+
FIN017;+
FIN018;+
FIN020;+
FIN022;+
FIN024;+
FIN025;+
FIN026;+
FIN028;+
FIN029;+
FIN030;+
FIN033;+
FIN035;+
FIN043;+
FIN045;+
FIN100;+
FIN105;+
FIN106;+
FIN118;+
FIN121;+
FIN206;+
FIN208;+
FIN305;+
FIN308;+
FIN314;+
FRA000;+
FRA001;+
FRA003;+
FRA004;+
FRA005;+
FRA006;+
FRA007;+
FRA008;+
FRA009;+
FRA011;+
FRA012;+
FRA013;+
FRA018;+
FRA019;+
FRA020;+
FRA022;+
FRA025;+
FRA029;+
FRA034;+
FRA035;+
FRA037;+
FRA041;+
FRA043;+
FRA044;+
FRA047;+
FRA048;+
FRA054;+
FRA055;+
FRA056;+
FRA058;+
FRA059;+
FRA060;+
FRA067;+
FRA073;+
FRA075;+
FRA084;+
FRA087;+
FRA092;+
FRA093;+
FRA098;+
FRA099;+
FRA122;+
FRA131;+
FRA132;+
FRA139;+
FRA145;+
FRA149;+
FRA150;+
FRA152;+
FRA153;+
FRA156;+
FRA158;+
FRA159;+
FRA162;+
FRA163;+
FRA165;+
FRA167;+
FRA170;+
FRA174;+
FRA178;+
FRA179;+
FRA182;+
FRA186;+
FRA192;+
FRA194;+
FRA198;+
FRA199;+
FRA201;+
FRA202;+
FRA204;+
FRA205;+
FRA209;+
FRA210;+
FRA212;+
FRA216;+
FRA220;+
FRA230;+
FRA232;+
FRA409;+
GBI000;+
GBI001;+
GBI002;+
GBI004;+
GBI007;+
GBI009;+
GBI011;+
GBI013;+
GBI014;+
GBI015;+
GBI018;+
GBI019;+
GBI020;+
GBI021;+
GBI023;+
GBI027;+
GBI031;+
GBI032;+
GBI033;+
GBI036;+
GBI040;+
GBI045;+
GBI048;+
GBI049;+
GBI052;+
GBI054;+
GBI055;+
GBI056;+
GBI057;+
GBI060;+
GBI061;+
GBI063;+
GBI064;+
GBI066;+
GBI070;+
GBI073;+
GBI074;+
GBI075;+
GBI076;+
GBI077;+
GBI078;+
GBI080;+
GBI081;+
GBI082;+
GBI083;+
GBI087;+
GBI088;+
GBI089;+
GBI090;+
GBI092;+
GBI093;+
GBI094;+
GBI097;+
GBI118;+
GBI121;+
GBI127;+
GBI136;+
GBI153;+
GBI163;+
GBI175;+
GBI185;+
GBI190;+
GBI191;+
GBI197;+
GBI198;+
GBI205;+
GBI219;+
GBI246;+
GBI257;+
GBI264;+
GBI266;+
GBI277;+
GBI284;+
GBI297;+
GBI303;+
GBI306;+
GBI308;+
GBI318;+
GBI331;+
GBI346;+
GBI359;+
GBI371;+
GBI383;+
GBI394;+
GBI395;+
GBI402;+
GBI408;+
GBI434;+
GBI437;+
GBI440;+
GBI442;+
GBI447;+
GBI448;+
GBI453;+
GBI476;+
GBI477;+
GBI484;+
GBI489;+
GBI496;+
GBIA17;+
GBIA23;+
GBIA26;+
GBIA27;+
GBIA32;+
GBIA74;+
GDR008;+
GDR012;+
GDR054;+
GDR094;+
GDR301;+
GDR302;+
GDR303;+
GDR305;+
GDR309;+
GDR310;+
GDR311;+
GEO015;+
GER000;+
GER004;+
GER013;+
GER014;+
GER026;+
GER029;+
GER032;+
GER041;+
GER044;+
GER052;+
GER053;+
GER060;+
GER064;+
GER066;+
GER074;+
GER080;+
GER119;+
GER143;+
GER473;+
GEU001;+
GEU003;+
GEU004;+
GEU005;+
GEU006;+
GEU008;+
GEU011;+
GEU012;+
GEU013;+
GEU014;+
GEU017;+
GEU018;+
GEU020;+
GEU021;+
GEU022;+
GEU023;+
GEU024;+
GEU025;+
GEU027;+
GEU029;+
GEU030;+
GEU031;+
GEU034;+
GEU036;+
GEU037;+
GEU039;+
GEU042;+
GEU043;+
GEU044;+
GEU045;+
GEU048;+
GEU049;+
GEU050;+
GEU051;+
GEU052;+
GEU054;+
GEU060;+
GEU062;+
GEU067;+
GEU082;+
GEU084;+
GEU089;+
GEU098;+
GEU118;+
GEU151;+
GEU187;+
GEU190;+
GEU204;+
GEU207;+
GEU209;+
GEU214;+
GEU215;+
GEU217;+
GEU221;+
GEU250;+
GEU251;+
GEU252;+
GEU253;+
GEU254;+
GEU255;+
GEU256;+
GEU257;+
GEU290;+
GEU300;+
GEU313;+
GFR000;+
GFR001;+
GFR002;+
GFR003;+
GFR004;+
GFR005;+
GFR006;+
GFR007;+
GFR009;+
GFR011;+
GFR012;+
GFR013;+
GFR014;+
GFR017;+
GFR021;+
GFR023;+
GFR024;+
GFR025;+
GFR026;+
GFR027;+
GFR028;+
GFR029;+
GFR030;+
GFR031;+
GFR032;+
GFR033;+
GFR034;+
GFR035;+
GFR036;+
GFR037;+
GFR038;+
GFR039;+
GFR040;+
GFR041;+
GFR042;+
GFR043;+
GFR044;+
GFR045;+
GFR046;+
GFR049;+
GFR050;+
GFR051;+
GFR053;+
GFR054;+
GFR058;+
GFR060;+
GFR061;+
GFR062;+
GFR065;+
GFR067;+
GFR068;+
GFR077;+
GFR079;+
GFR082;+
GFR084;+
GFR086;+
GFR088;+
GFR089;+
GFR096;+
GFR098;+
GFR101;+
GFR106;+
GFR109;+
GFR113;+
GFR118;+
GFR121;+
GFR122;+
GFR125;+
GFR175;+
GFR190;+
GFR204;+
GFR207;+
GFR208;+
GFR209;+
GFR210;+
GFR214;+
GFR221;+
GFR222;+
GFR313;+
GFR316;+
GFR319;+
GFR321;+
GRC000;+
GRC001;+
GRC002;+
GRC004;+
GRC005;+
GRC006;+
GRC008;+
GRC010;+
GRC012;+
GRC013;+
GRC014;+
GRC018;+
GRC019;+
GRC020;+
GRC022;+
GRC025;+
GRC026;+
GRC031;+
GRC033;+
GRC035;+
GRC039;+
GRC040;+
GRC042;+
GRC046;+
GRC048;+
GRC051;+
GRC054;+
GRC055;+
GRC057;+
GRC060;+
GRC063;+
GRC077;+
GRC080;+
GRC083;+
GRC085;+
GRC086;+
GRC087;+
GRC089;+
GRC090;+
GRC092;+
GRC093;+
GRC095;+
GRC096;+
GRC098;+
GRC099;+
GRC101;+
GRC103;+
GRC104;+
GRC105;+
GRC107;+
GRC108;+
GRC109;+
GRC110;+
GRC112;+
HKG001;+
HKG006;+
HKG011;+
HKG012;+
HKG017;+
HKG018;+
HKG028;+
HKG030;+
HKG047;+
HUN002;+
HUN005;+
ICL002;+
ICL003;+
ICL004;+
ICL005;+
ICL011;+
IDA000;+
IDA002;+
IDA006;+
IDA009;+
IDA011;+
IDA013;+
IDA018;+
IDA019;+
IDA020;+
IDA022;+
IDA023;+
IDA027;+
IDA031;+
IDA034;+
IDA036;+
IDA043;+
IDA044;+
IDA045;+
IDA057;+
IDA063;+
IDA068;+
IDA084;+
IDA086;+
IDA099;+
IDA102;+
IDA107;+
IDA109;+
IDA110;+
IDA113;+
IDA124;+
IDA125;+
IDA131;+
IDA135;+
IDA136;+
IDA138;+
IDA139;+
IDA141;+
IDA142;+
IDA145;+
IDA148;+
IDA150;+
IDA155;+
IDA156;+
IDA161;+
IDA162;+
IDA164;+
IDA165;+
IDA171;+
IDA175;+
IDA186;+
IDA199;+
IDA203;+
IDA205;+
IDA208;+
IDA218;+
IDA222;+
IDA225;+
IDA226;+
IDA228;+
IDA229;+
IDA233;+
IDA235;+
IDA236;+
IDA238;+
IDA248;+
IDA255;+
IDA256;+
IDA257;+
IDA259;+
IDA262;+
IDA263;+
IDA264;+
IDA267;+
IDA268;+
IDA269;+
IDA270;+
IDA271;+
IDA276;+
IDA278;+
IDA282;+
IDA287;+
IDA288;+
IDA290;+
IDA292;+
IDA293;+
IDA296;+
IDA298;+
IDA304;+
IDA306;+
IDA307;+
IDA309;+
IDA310;+
IDA311;+
IDA312;+
IDA314;+
IDA319;+
IDA320;+
IDA323;+
IDA324;+
IDA327;+
IDA334;+
IDA337;+
IDA338;+
IDA341;+
IDA346;+
IDA347;+
IDA352;+
IDA353;+
IDA354;+
IDA364;+
IDA372;+
IDA374;+
IDA407;+
IDA431;+
IDA441;+
IDA472;+
IDA481;+
IDAA08;+
IND000;+
IND002;+
IND003;+
IND004;+
IND005;+
IND006;+
IND012;+
IND015;+
IND018;+
IND019;+
IND024;+
IND028;+
IND030;+
IND032;+
IND033;+
IND035;+
IND036;+
IND037;+
IND039;+
IND041;+
IND046;+
IND047;+
IND053;+
IND054;+
IND055;+
IND056;+
IND058;+
IND061;+
IND066;+
IND067;+
IND078;+
IND081;+
IND082;+
IND083;+
IND084;+
IND086;+
IND087;+
IND089;+
IND090;+
IND095;+
IND096;+
IND097;+
IND098;+
IND100;+
IND101;+
IND104;+
IND110;+
IND112;+
IND113;+
IND114;+
IND115;+
IND117;+
IND119;+
IND120;+
IND121;+
IND122;+
IND124;+
IND125;+
IND126;+
IND128;+
IND129;+
IND130;+
IND131;+
IND133;+
IND134;+
IND135;+
IND139;+
IND140;+
IND141;+
IND142;+
IND147;+
IND148;+
IND149;+
IND154;+
IND156;+
IND199;+
IOM096;+
IRN000;+
IRN002;+
IRN006;+
IRN012;+
IRN016;+
IRN020;+
IRN023;+
IRN026;+
IRN027;+
IRN028;+
IRN030;+
IRN032;+
IRN033;+
IRN037;+
IRP004;+
IRP005;+
IRP009;+
IRP012;+
IRP013;+
IRP302;+
IRQ003;+
ISR001;+
ISR004;+
ITL000;+
ITL002;+
ITL003;+
ITL004;+
ITL005;+
ITL006;+
ITL007;+
ITL008;+
ITL010;+
ITL011;+
ITL013;+
ITL019;+
ITL022;+
ITL024;+
ITL028;+
ITL029;+
ITL032;+
ITL033;+
ITL034;+
ITL035;+
ITL036;+
ITL037;+
ITL038;+
ITL039;+
ITL041;+
ITL042;+
ITL043;+
ITL046;+
ITL047;+
ITL048;+
ITL051;+
ITL052;+
ITL058;+
ITL062;+
ITL063;+
ITL065;+
ITL068;+
ITL069;+
ITL070;+
ITL073;+
ITL078;+
ITL080;+
ITL081;+
ITL083;+
ITL090;+
ITL125;+
ITL127;+
ITL129;+
ITL131;+
ITL141;+
ITL148;+
ITL157;+
ITL168;+
ITL195;+
ITL201;+
ITL216;+
ITL225;+
ITL235;+
ITL238;+
ITL250;+
ITL251;+
ITL252;+
ITL253;+
ITL255;+
ITL261;+
ITL262;+
ITL264;+
ITL265;+
ITL269;+
ITL270;+
ITL272;+
ITL273;+
ITL276;+
ITL277;+
ITL279;+
ITL280;+
ITL281;+
ITL282;+
ITL283;+
ITL288;+
ITL289;+
ITL290;+
ITL292;+
ITL293;+
ITL295;+
ITL296;+
ITL297;+
ITL299;+
ITL300;+
ITL304;+
ITL308;+
ITL309;+
ITL310;+
ITL314;+
ITL316;+
ITL318;+
ITL319;+
ITL320;+
ITL332;+
ITL333;+
ITL336;+
ITL338;+
ITL339;+
ITL340;+
ITL341;+
ITL342;+
ITL343;+
ITL345;+
ITL347;+
ITL348;+
ITL350;+
ITL352;+
ITL353;+
ITL356;+
ITL358;+
ITL360;+
ITL362;+
ITL369;+
ITL371;+
ITL373;+
ITL387;+
ITL390;+
ITL391;+
ITL395;+
ITL396;+
ITL399;+
ITL400;+
ITL403;+
ITL404;+
ITL406;+
JAP014;+
JAP242;+
JAP389;+
JAP396;+
JAP405;+
JAP407;+
JAP452;+
JAP454;+
JAP458;+
JAP459;+
JPN000;+
JPN003;+
JPN004;+
JPN005;+
JPN006;+
JPN007;+
JPN008;+
JPN009;+
JPN010;+
JPN011;+
JPN012;+
JPN013;+
JPN014;+
JPN015;+
JPN016;+
JPN017;+
JPN018;+
JPN019;+
JPN022;+
JPN023;+
JPN025;+
JPN026;+
JPN027;+
JPN028;+
JPN029;+
JPN030;+
JPN031;+
JPN032;+
JPN034;+
JPN036;+
JPN038;+
JPN039;+
JPN040;+
JPN041;+
JPN042;+
JPN043;+
JPN045;+
JPN047;+
JPN048;+
JPN053;+
JPN054;+
JPN056;+
JPN060;+
JPN065;+
JPN066;+
JPN067;+
JPN069;+
JPN071;+
JPN072;+
JPN074;+
JPN075;+
JPN076;+
JPN080;+
JPN085;+
JPN086;+
JPN087;+
JPN088;+
JPN092;+
JPN097;+
JPN098;+
JPN099;+
JPN100;+
JPN101;+
JPN107;+
JPN108;+
JPN113;+
JPN114;+
JPN115;+
JPN116;+
JPN118;+
JPN120;+
JPN121;+
JPN123;+
JPN124;+
JPN125;+
JPN127;+
JPN128;+
JPN129;+
JPN132;+
JPN133;+
JPN134;+
JPN136;+
JPN138;+
JPN139;+
JPN141;+
JPN143;+
JPN145;+
JPN146;+
JPN147;+
JPN149;+
JPN151;+
JPN153;+
JPN154;+
JPN156;+
JPN157;+
JPN158;+
JPN162;+
JPN163;+
JPN164;+
JPN165;+
JPN167;+
JPN169;+
JPN170;+
JPN171;+
JPN172;+
JPN177;+
JPN180;+
JPN183;+
JPN185;+
JPN186;+
JPN189;+
JPN190;+
JPN192;+
JPN194;+
JPN195;+
JPN196;+
JPN201;+
JPN202;+
JPN205;+
JPN206;+
JPN208;+
JPN209;+
JPN210;+
JPN226;+
JPN237;+
JPN240;+
JPN244;+
JPN246;+
JPN265;+
JPN269;+
JPN277;+
JPN284;+
JPN302;+
JPN305;+
JPN316;+
JPN326;+
JPN334;+
JPN335;+
JPN338;+
JPN347;+
JPN350;+
JPN352;+
JPN353;+
JPN356;+
JPN359;+
JPN360;+
JPN361;+
JPN364;+
JPN365;+
JPN369;+
JPN370;+
JPN378;+
JPN381;+
JPN383;+
JPN387;+
JPN389;+
JPN392;+
JPN394;+
JPN395;+
JPN396;+
JPN398;+
JPN403;+
JPN406;+
JPN421;+
JPN422;+
JPN430;+
JPN435;+
JPN436;+
JPN438;+
JPN440;+
JPN450;+
JPN451;+
JPN460;+
JPN462;+
JPN469;+
JPN471;+
JPN472;+
JPN476;+
JPN482;+
JPN485;+
JPN486;+
JPN487;+
JPN488;+
JPN489;+
JPN492;+
JPN494;+
JPN495;+
JPN496;+
JPN499;+
JPN501;+
JPNA10;+
JPNA11;+
JPNA22;+
JPNA23;+
JPNA25;+
JPNA26;+
JPNA27;+
KAZ001;+
KEN002;+
KRN003;+
KRN004;+
KRN005;+
KRN006;+
KRN007;+
KRN010;+
KRN011;+
KRS001;+
KRS002;+
KRS006;+
KRS010;+
KRS011;+
KRS012;+
KRS014;+
KRS017;+
KRS019;+
KRS022;+
KRS025;+
KRS028;+
KRS031;+
KRS032;+
KRS035;+
KRS036;+
KRS037;+
KRS038;+
KRS039;+
KRS040;+
KRS043;+
KRS047;+
KRS048;+
KRS049;+
KRS050;+
KRS051;+
KRS055;+
KRS056;+
KRS059;+
KRS060;+
KRS064;+
KRS065;+
KRS066;+
KRS073;+
KRS074;+
KRS075;+
KRS077;+
KRS078;+
KRS080;+
KRS081;+
KRS082;+
KRS083;+
KRS085;+
KRS086;+
KRS089;+
KRS092;+
KRS096;+
KRS098;+
KRS099;+
KRS100;+
KRS104;+
KRS106;+
KRS107;+
KRS108;+
KRS109;+
KRS111;+
KRS112;+
KRS115;+
KRS116;+
KRS117;+
KRS119;+
KRS120;+
KRS121;+
KRS125;+
KRS126;+
KRS130;+
KRS131;+
KRS132;+
KRS135;+
KRS137;+
KRS139;+
KRS140;+
KRS141;+
KRS144;+
KRS145;+
KRS146;+
KRS147;+
KRS148;+
KRS149;+
KRS150;+
KRS152;+
KRS154;+
KRS156;+
KRS157;+
KRS158;+
KRS159;+
KRS171;+
KRS176;+
KRS178;+
KRS323;+
KUW005;+
LAV000;+
LAV004;+
LAV035;+
LAV040;+
LEB000;+
LIT089;+
LTH000;+
LTH001;+
LTH007;+
MAL000;+
MAL002;+
MAL003;+
MAL005;+
MAL006;+
MAL007;+
MAL008;+
MAL009;+
MAL011;+
MAL012;+
MAL013;+
MAL016;+
MAL018;+
MAL019;+
MAL020;+
MAL021;+
MAL023;+
MAL028;+
MAL029;+
MAL030;+
MAL031;+
MAL032;+
MAL033;+
MAL034;+
MAL035;+
MAL036;+
MAL037;+
MAL038;+
MAL041;+
MAL042;+
MAL043;+
MAL044;+
MAL045;+
MAL046;+
MAL047;+
MAL048;+
MAL049;+
MAL051;+
MAL054;+
MAL055;+
MAL056;+
MAL059;+
MAL060;+
MAL062;+
MAL064;+
MAL065;+
MAL067;+
MAL069;+
MAL070;+
MAL071;+
MAL072;+
MAL073;+
MAL074;+
MAL075;+
MAL076;+
MAL077;+
MAL078;+
MAL080;+
MAL081;+
MAL082;+
MAL084;+
MAL085;+
MAL086;+
MAL087;+
MAL088;+
MAL089;+
MAL090;+
MAL092;+
MAL094;+
MAL095;+
MAL096;+
MAL098;+
MAL099;+
MAL100;+
MAL103;+
MAL104;+
MAL105;+
MAL106;+
MAL108;+
MAL109;+
MAL112;+
MAL113;+
MAL114;+
MAL115;+
MAL116;+
MAL120;+
MAL121;+
MAL122;+
MAL123;+
MAL124;+
MAL127;+
MAL132;+
MAL136;+
MAL140;+
MAL145;+
MAL361;+
MAL365;+
MAL366;+
MAL368;+
MAL460;+
MEX005;+
MEX008;+
MEX009;+
MEX010;+
MEX041;+
MEX068;+
MEX069;+
MEX070;+
MTA001;+
MTA003;+
MTA004;+
MTS003;+
MYA002;+
NIG007;+
NOR002;+
NOR003;+
NOR004;+
NOR005;+
NOR006;+
NOR007;+
NOR008;+
NOR009;+
NOR011;+
NOR012;+
NOR013;+
NOR014;+
NOR015;+
NOR016;+
NOR017;+
NOR018;+
NOR019;+
NOR021;+
NOR023;+
NOR024;+
NOR025;+
NOR026;+
NOR029;+
NOR031;+
NOR033;+
NOR036;+
NOR037;+
NOR038;+
NOR039;+
NOR040;+
NOR041;+
NOR042;+
NOR043;+
NOR045;+
NOR046;+
NOR049;+
NOR050;+
NOR051;+
NOR052;+
NOR055;+
NOR056;+
NOR057;+
NOR058;+
NOR059;+
NOR060;+
NOR062;+
NOR063;+
NOR064;+
NOR065;+
NOR066;+
NOR069;+
NOR070;+
NOR071;+
NOR073;+
NOR074;+
NOR075;+
NOR076;+
NOR077;+
NOR079;+
NOR080;+
NOR082;+
NOR083;+
NOR085;+
NOR086;+
NOR088;+
NOR091;+
NOR093;+
NOR099;+
NOR100;+
NOR102;+
NOR107;+
NOR108;+
NOR113;+
NOR114;+
NOR115;+
NOR116;+
NOR117;+
NOR119;+
NOR121;+
NOR126;+
NOR128;+
NOR131;+
NOR140;+
NOR157;+
NOR158;+
NOR160;+
NOR161;+
NOR163;+
NOR165;+
NOR168;+
NOR170;+
NOR172;+
NOR173;+
NOR174;+
NOR188;+
NOR189;+
NOR190;+
NOR191;+
NOR192;+
NOR194;+
NOR195;+
NOR197;+
NOR198;+
NOR200;+
NOR201;+
NOR202;+
NOR204;+
NOR205;+
NOR207;+
NOR213;+
NOR219;+
NOR225;+
NOR232;+
NOR235;+
NOR236;+
NOR237;+
NOR238;+
NOR241;+
NOR242;+
NOR243;+
NOR246;+
NOR247;+
NOR256;+
NOR302;+
NOR308;+
NOR309;+
NOR310;+
NOR311;+
NOR334;+
NOR335;+
NOR337;+
NOR344;+
NOR399;+
NOR401;+
NOR405;+
NOR418;+
NOR419;+
NOR422;+
NOR423;+
NOR424;+
NOR427;+
NOR428;+
NOR431;+
NOR432;+
NOR433;+
NOR489;+
NOR492;+
NOR493;+
NOR495;+
NTH000;+
NTH001;+
NTH003;+
NTH004;+
NTH005;+
NTH008;+
NTH011;+
NTH012;+
NTH013;+
NTH014;+
NTH015;+
NTH016;+
NTH017;+
NTH018;+
NTH019;+
NTH020;+
NTH022;+
NTH024;+
NTH026;+
NTH027;+
NTH029;+
NTH030;+
NTH033;+
NTH034;+
NTH036;+
NTH037;+
NTH038;+
NTH041;+
NTH042;+
NTH043;+
NTH046;+
NTH047;+
NTH048;+
NTH049;+
NTH050;+
NTH051;+
NTH053;+
NTH055;+
NTH057;+
NTH059;+
NTH060;+
NTH061;+
NTH062;+
NTH063;+
NTH064;+
NTH065;+
NTH066;+
NTH067;+
NTH068;+
NTH069;+
NTH071;+
NTH072;+
NTH074;+
NTH076;+
NTH077;+
NTH078;+
NTH080;+
NTH081;+
NTH082;+
NTH083;+
NTH084;+
NTH085;+
NTH087;+
NTH089;+
NTH090;+
NTH092;+
NTH093;+
NTH094;+
NTH097;+
NTH099;+
NTH100;+
NTH102;+
NTH103;+
NTH104;+
NTH110;+
NTH112;+
NTH113;+
NTH114;+
NTH115;+
NTH118;+
NTH119;+
NTH124;+
NTH125;+
NTH126;+
NTH127;+
NTH128;+
NTH138;+
NTH140;+
NTH144;+
NTH153;+
NTH154;+
NTH155;+
NTH159;+
NTH161;+
NTH164;+
NTH166;+
NTH167;+
NTH168;+
NTH171;+
NTH173;+
NTH177;+
NTH181;+
NTH182;+
NTH191;+
NTH193;+
NTH210;+
NTH231;+
NTH232;+
NTH240;+
NTH242;+
NTH244;+
NTH245;+
NTH252;+
NTH255;+
NTH261;+
NTH263;+
NTH265;+
NTH268;+
NTH271;+
NTH273;+
NTH276;+
NTH280;+
NTH282;+
NTH283;+
NTH285;+
NTH286;+
NTH287;+
NTH288;+
NTH291;+
NTH292;+
NTH293;+
NTH302;+
NTH303;+
NTH304;+
NTH306;+
NTH308;+
NTH310;+
NTH321;+
NTH322;+
NTH328;+
NTH330;+
NTH336;+
NTH339;+
NTH340;+
NTH344;+
NTH345;+
NTH347;+
NTH353;+
NTH354;+
NTH356;+
NTH357;+
NTH358;+
NTH359;+
NTH360;+
NTH362;+
NTH363;+
NTH366;+
NTH376;+
NTH383;+
NTH385;+
NTH390;+
NTH391;+
NTH393;+
NTH402;+
NTH407;+
NTH408;+
NTH410;+
NTH414;+
NTH420;+
NTH421;+
NTH422;+
NTH424;+
NTH426;+
NTH432;+
NTH433;+
NTH434;+
NTH439;+
NTH440;+
NTH441;+
NTH444;+
NTH445;+
NTH451;+
NTH453;+
NTH454;+
NTH460;+
NTH464;+
NTH466;+
NTH470;+
NTH471;+
NTH474;+
NTH476;+
NTH480;+
NTH481;+
NTH483;+
NTH486;+
NTH489;+
NTH491;+
NTH492;+
NTH493;+
NTH494;+
NTH500;+
NTH501;+
NTH502;+
NTHA04;+
NTHA05;+
NTHA08;+
NTHA09;+
NTHA10;+
NTHA14;+
NTHA17;+
NTHA18;+
NTHA21;+
NTHA24;+
NTHA27;+
NTHA29;+
NTHA31;+
NTHA35;+
NTHA36;+
NTHA38;+
NTHA40;+
NTHA41;+
NTHA42;+
NTHA43;+
NTHA47;+
NTHA54;+
NTHA70;+
NTHA71;+
NTHA98;+
NTHB02;+
NTHB04;+
NTHB05;+
NTHB08;+
NTHB09;+
NTHB11;+
NTHB15;+
NTHB17;+
NTHB19;+
NTHB21;+
NTHB22;+
NTHB29;+
NTHB36;+
NZL003;+
NZL005;+
NZL026;+
NZL030;+
NZL031;+
NZL037;+
NZL039;+
NZL040;+
NZL049;+
NZL050;+
NZL054;+
NZL055;+
NZL056;+
OMN001;+
PAK001;+
PAR004;+
PCZ001;+
PER002;+
PER024;+
PHI017;+
PHI018;+
PHI019;+
PHI028;+
PHI029;+
PHI033;+
PHI034;+
PHI086;+
PHI087;+
PHI088;+
PHI089;+
PHI090;+
PHI094;+
PHI095;+
PHI096;+
PHI102;+
PHI103;+
PHI106;+
PHI107;+
PHI110;+
PHI111;+
PNG005;+
POL000;+
POL002;+
POL003;+
POL004;+
POL005;+
POL006;+
POL007;+
POL008;+
POL009;+
POL010;+
POL011;+
POL012;+
POL013;+
POL014;+
POL015;+
POL016;+
POL017;+
POL020;+
POL021;+
POL022;+
POL023;+
POL024;+
POL025;+
POL028;+
POL029;+
POL031;+
POL032;+
POL034;+
POL042;+
POL046;+
POL047;+
POL049;+
POL050;+
POL051;+
POL056;+
POL061;+
POL066;+
POL067;+
POL068;+
POL073;+
POL074;+
POL076;+
POL078;+
POL079;+
POL080;+
POL081;+
POL082;+
POL083;+
POL084;+
POL088;+
POL114;+
POL312;+
PTG002;+
PTG003;+
PTG004;+
PTG005;+
PTG006;+
PTG008;+
PTG011;+
PTG012;+
PTG027;+
PTG030;+
PTG031;+
PTG036;+
PTG040;+
QAT001;+
QAT002;+
QAT004;+
RUM001;+
RUM002;+
RUM003;+
RUM004;+
RUM005;+
RUM006;+
RUM007;+
RUM013;+
RUM014;+
RUM015;+
RUM016;+
RUM017;+
RUS002;+
RUS004;+
RUS005;+
RUS006;+
RUS009;+
RUS011;+
RUS012;+
RUS014;+
RUS017;+
RUS018;+
RUS019;+
RUS020;+
RUS021;+
RUS022;+
RUS023;+
RUS024;+
RUS025;+
RUS030;+
RUS032;+
RUS033;+
RUS034;+
RUS038;+
RUS039;+
RUS040;+
RUS046;+
RUS050;+
RUS054;+
RUS057;+
RUS058;+
RUS059;+
RUS060;+
RUS063;+
RUS066;+
RUS067;+
RUS070;+
RUS072;+
RUS073;+
RUS074;+
RUS076;+
RUS079;+
RUS080;+
RUS081;+
RUS086;+
RUS088;+
RUS089;+
RUS090;+
RUS095;+
RUS101;+
RUS102;+
SAF000;+
SAF002;+
SAF013;+
SAF020;+
SAF021;+
SAF024;+
SAF025;+
SAF027;+
SAF028;+
SAF037;+
SAU004;+
SBA001;+
SBA005;+
SBA007;+
SBA008;+
SLO010;+
SNG000;+
SNG001;+
SNG003;+
SNG004;+
SNG006;+
SNG008;+
SNG014;+
SNG016;+
SNG023;+
SNG024;+
SNG027;+
SNG028;+
SNG032;+
SNG033;+
SNG034;+
SNG035;+
SNG038;+
SNG039;+
SNG042;+
SNG043;+
SNG044;+
SNG045;+
SNG046;+
SNG048;+
SNG050;+
SNG055;+
SNG057;+
SNG059;+
SNG060;+
SNG062;+
SNG066;+
SNG067;+
SNG071;+
SNG073;+
SNG075;+
SNG079;+
SNG080;+
SNG081;+
SNG082;+
SNG083;+
SNG086;+
SNG087;+
SNG094;+
SNG103;+
SNG105;+
SNG108;+
SNG109;+
SNG110;+
SNG111;+
SNG112;+
SNG113;+
SNG114;+
SNG118;+
SNG119;+
SNG122;+
SNG123;+
SNG125;+
SNG127;+
SNG128;+
SNG129;+
SNG132;+
SNG138;+
SNG144;+
SNG146;+
SNG147;+
SNG148;+
SNG150;+
SNG152;+
SNG157;+
SNG159;+
SNG160;+
SNG161;+
SNG162;+
SNG165;+
SNG410;+
SNG421;+
SPN001;+
SPN002;+
SPN003;+
SPN004;+
SPN005;+
SPN007;+
SPN008;+
SPN009;+
SPN010;+
SPN011;+
SPN012;+
SPN014;+
SPN016;+
SPN017;+
SPN018;+
SPN019;+
SPN020;+
SPN021;+
SPN022;+
SPN023;+
SPN024;+
SPN025;+
SPN026;+
SPN027;+
SPN029;+
SPN031;+
SPN033;+
SPN034;+
SPN037;+
SPN038;+
SPN039;+
SPN041;+
SPN043;+
SPN044;+
SPN045;+
SPN048;+
SPN050;+
SPN051;+
SPN052;+
SPN058;+
SPN059;+
SPN060;+
SPN061;+
SPN064;+
SPN068;+
SPN081;+
SPN112;+
SPN113;+
SPN114;+
SPN115;+
SPN130;+
SPN143;+
SPN144;+
SPN147;+
SPN165;+
SPN193;+
SPN212;+
SPN217;+
SPN218;+
SPN238;+
SPN243;+
SPN252;+
SPN253;+
SPN258;+
SPN262;+
SPN265;+
SPN270;+
SPN317;+
SPN335;+
SRB001;+
SRB002;+
SRB003;+
SRB004;+
SRB005;+
SRB006;+
SRB009;+
SRB011;+
SRI004;+
SRI005;+
SVK002;+
SWD000;+
SWD001;+
SWD003;+
SWD004;+
SWD005;+
SWD006;+
SWD008;+
SWD010;+
SWD011;+
SWD012;+
SWD013;+
SWD014;+
SWD015;+
SWD018;+
SWD019;+
SWD021;+
SWD022;+
SWD023;+
SWD024;+
SWD025;+
SWD028;+
SWD033;+
SWD035;+
SWD038;+
SWD051;+
SWD075;+
SWD078;+
SWD081;+
SWD090;+
SWD093;+
SWD095;+
SWD096;+
SWD097;+
SWD103;+
SWD107;+
SWD109;+
SWD112;+
SWD206;+
SWD207;+
THA012;+
THA014;+
THA022;+
THA025;+
THA028;+
THA054;+
THA057;+
THA059;+
THA060;+
TRK000;+
TRK001;+
TRK003;+
TRK005;+
TRK006;+
TRK007;+
TRK008;+
TRK009;+
TRK011;+
TRK012;+
TRK015;+
TRK016;+
TRK017;+
TRK018;+
TRK019;+
TRK020;+
TRK021;+
TRK024;+
TRK025;+
TRK027;+
TRK028;+
TRK029;+
TRK030;+
TRK031;+
TRK032;+
TRK033;+
TRK034;+
TRK035;+
TRK036;+
TRK038;+
TRK039;+
TRK041;+
TRK042;+
TRK043;+
TRK044;+
TRK045;+
TRK046;+
TRK047;+
TRK048;+
TRK049;+
TRK050;+
TRK051;+
TRK053;+
TRK054;+
TRK056;+
TRK057;+
TRK063;+
TRK067;+
TRK068;+
TRK069;+
TRK071;+
TRK072;+
TRK073;+
TRK074;+
TRK077;+
TRK078;+
TRK080;+
TRK081;+
TRK082;+
TRK083;+
TRK084;+
TRK085;+
TRK086;+
TRK087;+
TRK091;+
TRK092;+
TRK093;+
TRK096;+
TRK097;+
TRK098;+
TRK102;+
TRK103;+
TRK109;+
TRK112;+
TRK113;+
TRK114;+
TRK116;+
TRK118;+
TRK119;+
TRK120;+
TRK121;+
TRK122;+
TRK123;+
TRK126;+
TRK127;+
TRK128;+
TRK129;+
TRK130;+
TRK131;+
TRK132;+
TRK133;+
TRK134;+
TRK135;+
TRK136;+
TRK138;+
TRK139;+
TRK140;+
TRK141;+
TRK142;+
TRK145;+
TRK147;+
TRK148;+
TRK149;+
TRK150;+
TRK151;+
TRK152;+
TRK153;+
TRK154;+
TRK155;+
TRK156;+
TRK157;+
TRK158;+
TRK159;+
TRK161;+
TRK162;+
TRK163;+
TRK164;+
TRK165;+
TRK166;+
TRK169;+
TRK170;+
TRK172;+
TRK173;+
TRK174;+
TRK176;+
TRK177;+
TRK178;+
TRK179;+
TRK180;+
TRK181;+
TRK182;+
TRK183;+
TRK184;+
TRK186;+
TRK187;+
TRK188;+
TRK189;+
TRK192;+
TRK193;+
TRK194;+
TRK195;+
TRK196;+
TRK198;+
TRK201;+
TRK202;+
TRK203;+
TRK204;+
TRK206;+
TRK208;+
TRK210;+
TRK213;+
TRK215;+
TRK216;+
TRK217;+
TRK219;+
TRK220;+
TRK221;+
TRK227;+
TRK231;+
TRK239;+
TRK242;+
TRK247;+
TRK270;+
TRK277;+
TRK305;+
TRK310;+
TRK313;+
TRK314;+
TRK315;+
TUN005;+
TUN006;+
UAE001;+
UAE002;+
UAE003;+
UAE004;+
UAE005;+
UAE006;+
UAE008;+
UAE009;+
UAE010;+
UAE018;+
UAE019;+
UAE020;+
UAE021;+
UAE022;+
UAE023;+
UAE025;+
UAE026;+
UAE027;+
UAE029;+
UAE031;+
UAE033;+
UAE034;+
UAE035;+
UAE036;+
UAE040;+
UAE041;+
UAE043;+
UAE052;+
UKE001;+
UKE002;+
UKE003;+
UKE007;+
UKE011;+
UKE012;+
UKE013;+
UKE014;+
UKE015;+
UKE016;+
UKE017;+
UKE019;+
UKE021;+
UKE028;+
UKE038;+
UKE061;+
UKE063;+
UNK000;+
URG011;+
URG015;+
USA000;+
USA002;+
USA003;+
USA004;+
USA005;+
USA011;+
USA012;+
USA013;+
USA015;+
USA019;+
USA022;+
USA023;+
USA024;+
USA025;+
USA026;+
USA031;+
USA034;+
USA035;+
USA036;+
USA037;+
USA038;+
USA039;+
USA042;+
USA043;+
USA049;+
USA050;+
USA052;+
USA054;+
USA057;+
USA058;+
USA060;+
USA062;+
USA064;+
USA065;+
USA068;+
USA071;+
USA075;+
USA077;+
USA079;+
USA080;+
USA082;+
USA084;+
USA086;+
USA088;+
USA090;+
USA091;+
USA096;+
USA098;+
USA100;+
USA102;+
USA105;+
USA107;+
USA108;+
USA109;+
USA110;+
USA111;+
USA113;+
USA114;+
USA116;+
USA119;+
USA120;+
USA121;+
USA124;+
USA126;+
USA128;+
USA129;+
USA130;+
USA132;+
USA138;+
USA139;+
USA141;+
USA142;+
USA143;+
USA148;+
USA149;+
USA157;+
USA160;+
USA162;+
USA164;+
USA166;+
USA169;+
USA171;+
USA177;+
USA178;+
USA180;+
USA183;+
USA189;+
USA197;+
USA198;+
USA201;+
USA202;+
USA210;+
USA214;+
USA220;+
USA221;+
USA222;+
USA225;+
USA226;+
USA231;+
USA249;+
USA251;+
USA258;+
USA270;+
USA271;+
USA272;+
USA277;+
USA278;+
USA279;+
USA283;+
USA292;+
USA294;+
USA296;+
USA297;+
USA298;+
USA299;+
USA304;+
USA305;+
USA308;+
USA315;+
USA320;+
USA322;+
USA324;+
USA326;+
USA337;+
USA345;+
USA356;+
USA374;+
USA378;+
USA397;+
USA399;+
USA400;+
USA404;+
USA407;+
USA415;+
USA418;+
USA419;+
USA421;+
USA424;+
USA434;+
USA435;+
USA438;+
USA439;+
USA440;+
USA441;+
USA448;+
USA449;+
USA450;+
USA451;+
USA452;+
USA454;+
USA458;+
USA462;+
USA465;+
USA466;+
USA481;+
USA499;+
USA501;+
USA503;+
USA504;+
USA566;+
USAA02;+
USAA03;+
USAA04;+
USAA08;+
USAA11;+
USAA12;+
USAA18;+
USAA21;+
USAA23;+
USAA24;+
USAA49;+
USAA51;+
USAA53;+
USAA58;+
USAA60;+
USAA63;+
USAA74;+
USAA77;+
USAA79;+
USAA81;+
USAA90;+
USAA94;+
USAB01;+
USAB13;+
USAB14;+
USAB23;+
USAB24;+
USAB29;+
USAB37;+
USAB39;+
USAB43;+
USAB45;+
USAB46;+
USAB49;+
USAB50;+
USAB57;+
USAC03;+
USAC19;+
USAC20;+
USAC21;+
USAC22;+
USAC24;+
USAC33;+
USAC34;+
USAC39;+
USAC40;+
USAC41;+
USAC50;+
USAC53;+
USAC56;+
USAC63;+
USAC70;+
USAC71;+
USAC76;+
USAC80;+
USAC81;+
USAC88;+
USAC90;+
USAC94;+
USAD13;+
USAD15;+
USAD17;+
USAD21;+
USAD24;+
USAD25;+
USAD31;+
USAD35;+
USAD39;+
USAD47;+
USAD49;+
USAD50;+
USAD52;+
USAD60;+
USAD68;+
USAD70;+
USAD74;+
USAD75;+
USAD79;+
USAD80;+
USAD83;+
USAD88;+
USAD92;+
USAD94;+
USAD97;+
USAD99;+
USAE02;+
USAE03;+
USAE04;+
USAE05;+
USAE28;+
USAE29;+
USAE52;+
USAE54;+
USAE68;+
USAE70;+
USAE71;+
USAE72;+
USAE73;+
USAE75;+
USAE77;+
USAE78;+
USAE83;+
USAE86;+
USAE87;+
USAE88;+
USAE89;+
USAE95;+
USAE96;+
USAE98;+
USAE99;+
USAF18;+
USAF21;+
USAF33;+
USAF38;+
USAF40;+
USAF42;+
USAF68;+
USAF74;+
USAF78;+
USAF79;+
USAF83;+
USAF94;+
USAG02;+
USAG33;+
USAG35;+
USAG36;+
USAG40;+
USAG41;+
USAG43;+
USAG44;+
USAG45;+
USAG49;+
USAG53;+
USAG54;+
USAG58;+
USAG61;+
USAG67;+
USAG80;+
USAG81;+
USAG96;+
USAG99;+
USAH01;+
USAH02;+
USAH04;+
USAH05;+
USAH17;+
USAH24;+
USAH25;+
USAH29;+
USAH33;+
USAH36;+
USAH37;+
USAH49;+
USAH54;+
USAH56;+
USAH59;+
USAH62;+
USAH63;+
USAH66;+
USAH68;+
USAH77;+
USAH78;+
USAH90;+
USAH92;+
USAH94;+
USAH95;+
USAH96;+
USAH97;+
USAI06;+
USAI08;+
USAI16;+
USAI21;+
USAI22;+
USAI24;+
USAI28;+
USAI29;+
USAI32;+
USR000;+
USR001;+
USR002;+
USR004;+
USR005;+
USR007;+
USR009;+
USR010;+
USR011;+
USR012;+
USR013;+
USR014;+
USR015;+
USR016;+
USR017;+
USR018;+
USR019;+
USR022;+
USR023;+
USR024;+
USR025;+
USR026;+
USR027;+
USR028;+
USR031;+
USR032;+
USR033;+
USR034;+
USR035;+
USR038;+
USR039;+
USR040;+
USR042;+
USR046;+
USR047;+
USR050;+
USR054;+
USR061;+
USR066;+
USR072;+
USR074;+
USR076;+
USR077;+
USR078;+
USR079;+
USR081;+
USR082;+
USR083;+
USR086;+
USR088;+
USR100;+
USR101;+
VNM000;+
VNM001;+
VNM002;+
VNM003;+
VNM004;+
VNM005;+
VNM006;+
VNM014;+
VNM017;+
VNM022;+
VNM025;+
VNM027;+
VNM028;+
VNM029;+
VNM031;+
VNM032;+
VNM033;+
VNM034;+
VNM036;+
VNM038;+
VNM040;+
VNM042;+
VNM043;+
VNM044;+
VNM045;+
VNM047;+
VNM049;+
VNM050;+
VNM051;+
VNM052;+
VNM054;+
VNM059;+
VNM061;+
VNM067;+
VNM069;+
VNM073;+
VNM075;+
VNM077;+
VNM078;+
VNM079;+
VNM080;+
VNM081;+
VNM082;+
VNM083;+
VNM084;+
VNM085;+
VNM086;+
VNM087;+
VNM088;+
VNM089;+
VNM090;+
VNM091;+
VNM092;+
VNM093;+
VNM094;+
VNM095;+
VNM097;+
VNM099;+
VNM100;+
VNM101;+
VNM102;+
VNM103;+
VNM104;+
VNM105;+
VNM106;+
VNM107;+
VNM108;+
VNM109;+
VNM113;+
VNM114;+
VNM115;+
VNM118;+
VNM119;+
VNM120;+
VNM121;+
VNM122;+
VNM123;+
VNM124;+
VNM125;+
VNM126;+
VNM129;+
VNM130;+
VNM132;+
VNM133;+
VNM134;+
VNM135;+
VNM136;+
VNM137;+
VNM140;+
VNM147;+
VNM166;+
VNM171;+
VNM172;+
YUG002;+
YUG003;+
YUG005;+
YUG006;+
YUG007;+
YUG008;+
YUG011;+
YUG017;+
YUG027;+
YUG039;+
YUG040;+
YUG041;+
YUG051;+
YUG055;+
YUG056;+
YUG057;+
